<?xml version="1.0" encoding="UTF-8" standalone="no"?>

<manifest identifier="Sephora_demo_project" version="1.3"
	  xmlns="http://www.imsglobal.org/xsd/imscp_v1p1"
	  xmlns:xsi="http://www.w3.org/2001/XMLSchema-instance"
	  xmlns:adlcp="http://www.adlnet.org/xsd/adlcp_v1p3"
	  xmlns:adlseq="http://www.adlnet.org/xsd/adlseq_v1p3"
	  xmlns:adlnav="http://www.adlnet.org/xsd/adlnav_v1p3"
	  xmlns:imsss="http://www.imsglobal.org/xsd/imsss"
	  xsi:schemaLocation="http://www.imsglobal.org/xsd/imscp_v1p1 imscp_v1p1.xsd
						  http://www.adlnet.org/xsd/adlcp_v1p3 adlcp_v1p3.xsd
						  http://www.adlnet.org/xsd/adlseq_v1p3 adlseq_v1p3.xsd
						  http://www.adlnet.org/xsd/adlnav_v1p3 adlnav_v1p3.xsd
						  http://www.imsglobal.org/xsd/imsss imsss_v1p0.xsd">

	<metadata>
		<schema>ADL SCORM</schema>
		<schemaversion>2004 3rd Edition</schemaversion>
		<adlcp:location>metadata.xml</adlcp:location>
	</metadata>
	
	
	<organizations default="Sephora_demo_project_ORG">
		<organization identifier="Sephora_demo_project_ORG">
			<!--****** Title ******-->
			<title>Sephora_demo_project</title>
			<item identifier="SCO_ID1" identifierref="SCO_ID1_RES" isvisible="true">
				<!--****** Title ******-->
				<title>Course Object title</title>
				<metadata>
					<lom xmlns="http://ltsc.ieee.org/xsd/LOM" xmlns:xsi="http://www.w3.org/2001/XMLSchema-instance" xsi:schemaLocation="http://ltsc.ieee.org/xsd/LOM lom.xsd">
						<general>
							<description>
				  				<string language="en-us">This project was created for Sephora, by Jeremie Leverich.</string> 
				  			</description>
						</general>
					</lom>
				</metadata>
				<imsss:sequencing>
				<imsss:objectives>
					        <imsss:primaryObjective objectiveID="Quiz_2017122144342"/>
				</imsss:objectives>
					<imsss:deliveryControls tracked="true" completionSetByContent="true" objectiveSetByContent="true"/>
				</imsss:sequencing>
			</item>
			<metadata>
				<adlcp:location>metadata.xml</adlcp:location>
			</metadata>			
	<imsss:sequencing>
				<imsss:controlMode choice="true" flow="true"/>
                <imsss:rollupRules>
                    <imsss:rollupRule childActivitySet="all">
                        <imsss:rollupConditions>
                            <imsss:rollupCondition condition="satisfied"/>
                        </imsss:rollupConditions>
                        <imsss:rollupAction action="satisfied"/>
                    </imsss:rollupRule>
                    <imsss:rollupRule childActivitySet="all">
                        <imsss:rollupConditions>
                            <imsss:rollupCondition operator="not" condition="satisfied"/>
                        </imsss:rollupConditions>
                        <imsss:rollupAction action="notSatisfied"/>
                    </imsss:rollupRule>
                    <imsss:rollupRule childActivitySet="all">
                        <imsss:rollupConditions>
                            <imsss:rollupCondition condition="completed"/>
                        </imsss:rollupConditions>
                        <imsss:rollupAction action="completed"/>
                    </imsss:rollupRule>
                    <imsss:rollupRule childActivitySet="all">
                        <imsss:rollupConditions>
                            <imsss:rollupCondition operator="not" condition="completed"/>
                        </imsss:rollupConditions>
                        <imsss:rollupAction action="incomplete"/>
                    </imsss:rollupRule>
                </imsss:rollupRules>
			</imsss:sequencing>
		</organization>
	</organizations>
	<resources>
		<resource adlcp:scormType="sco" identifier="SCO_ID1_RES" type="webcontent" href="index_scorm.html">
			<metadata>
				<adlcp:location>metadata.xml</adlcp:location>
			</metadata>
			
			<file href="ar/20389.mp3"></file>
			<file href="index_scorm.html"></file>
			<file href="scormdriver.js"/>
			<file href="browsersniff.js"/>
			
<file href="ar/21755.mp3"/> 
<file href="ar/21873.mp3"/> 
<file href="ar/22128.mp3"/> 
<file href="ar/22133.mp3"/> 
<file href="ar/22811.mp3"/> 
<file href="assets/TOC_icons/collapseIcon.png"/> 
<file href="assets/TOC_icons/expandIcon.png"/> 
<file href="assets/TOC_icons/photo.png"/> 
<file href="assets/css/CPLibraryAll.css"/> 
<file href="assets/css/fonts/HelveticaNeueLTStd-Bd.otf"/> 
<file href="assets/css/fonts/HelveticaNeueLTStd-BdCn.otf"/> 
<file href="assets/css/fonts/HelveticaNeueLTStd-BdCnO.otf"/> 
<file href="assets/css/fonts/HelveticaNeueLTStd-BdEx.otf"/> 
<file href="assets/css/fonts/HelveticaNeueLTStd-BdExO.otf"/> 
<file href="assets/css/fonts/HelveticaNeueLTStd-BdIt.otf"/> 
<file href="assets/css/fonts/HelveticaNeueLTStd-BdOu.otf"/> 
<file href="assets/css/fonts/HelveticaNeueLTStd-Blk.otf"/> 
<file href="assets/css/fonts/HelveticaNeueLTStd-BlkCn.otf"/> 
<file href="assets/css/fonts/HelveticaNeueLTStd-BlkCnO.otf"/> 
<file href="assets/css/fonts/HelveticaNeueLTStd-BlkEx.otf"/> 
<file href="assets/css/fonts/HelveticaNeueLTStd-BlkExO.otf"/> 
<file href="assets/css/fonts/HelveticaNeueLTStd-BlkIt.otf"/> 
<file href="assets/css/fonts/HelveticaNeueLTStd-Cn.otf"/> 
<file href="assets/css/fonts/HelveticaNeueLTStd-CnO.otf"/> 
<file href="assets/css/fonts/HelveticaNeueLTStd-Ex.otf"/> 
<file href="assets/css/fonts/HelveticaNeueLTStd-ExO.otf"/> 
<file href="assets/css/fonts/HelveticaNeueLTStd-Hv.otf"/> 
<file href="assets/css/fonts/HelveticaNeueLTStd-HvCn.otf"/> 
<file href="assets/css/fonts/HelveticaNeueLTStd-HvCnO.otf"/> 
<file href="assets/css/fonts/HelveticaNeueLTStd-HvEx.otf"/> 
<file href="assets/css/fonts/HelveticaNeueLTStd-HvExO.otf"/> 
<file href="assets/css/fonts/HelveticaNeueLTStd-HvIt.otf"/> 
<file href="assets/css/fonts/HelveticaNeueLTStd-It.otf"/> 
<file href="assets/css/fonts/HelveticaNeueLTStd-Lt.otf"/> 
<file href="assets/css/fonts/HelveticaNeueLTStd-LtCn.otf"/> 
<file href="assets/css/fonts/HelveticaNeueLTStd-LtCnO.otf"/> 
<file href="assets/css/fonts/HelveticaNeueLTStd-LtEx.otf"/> 
<file href="assets/css/fonts/HelveticaNeueLTStd-LtExO.otf"/> 
<file href="assets/css/fonts/HelveticaNeueLTStd-LtIt.otf"/> 
<file href="assets/css/fonts/HelveticaNeueLTStd-Md.otf"/> 
<file href="assets/css/fonts/HelveticaNeueLTStd-MdCn.otf"/> 
<file href="assets/css/fonts/HelveticaNeueLTStd-MdCnO.otf"/> 
<file href="assets/css/fonts/HelveticaNeueLTStd-MdEx.otf"/> 
<file href="assets/css/fonts/HelveticaNeueLTStd-MdExO.otf"/> 
<file href="assets/css/fonts/HelveticaNeueLTStd-MdIt.otf"/> 
<file href="assets/css/fonts/HelveticaNeueLTStd-Roman.otf"/> 
<file href="assets/css/fonts/HelveticaNeueLTStd-Th.otf"/> 
<file href="assets/css/fonts/HelveticaNeueLTStd-ThCn.otf"/> 
<file href="assets/css/fonts/HelveticaNeueLTStd-ThCnO.otf"/> 
<file href="assets/css/fonts/HelveticaNeueLTStd-ThEx.otf"/> 
<file href="assets/css/fonts/HelveticaNeueLTStd-ThExO.otf"/> 
<file href="assets/css/fonts/HelveticaNeueLTStd-ThIt.otf"/> 
<file href="assets/css/fonts/HelveticaNeueLTStd-UltLt.otf"/> 
<file href="assets/css/fonts/HelveticaNeueLTStd-UltLtCn.otf"/> 
<file href="assets/css/fonts/HelveticaNeueLTStd-UltLtCnO.otf"/> 
<file href="assets/css/fonts/HelveticaNeueLTStd-UltLtEx.otf"/> 
<file href="assets/css/fonts/HelveticaNeueLTStd-UltLtExO.otf"/> 
<file href="assets/css/fonts/HelveticaNeueLTStd-UltLtIt.otf"/> 
<file href="assets/css/fonts/HelveticaNeueLTStd-XBlkCn.otf"/> 
<file href="assets/css/fonts/HelveticaNeueLTStd-XBlkCnO.otf"/> 
<file href="assets/css/fonts/fonts.css"/> 
<file href="assets/css/start/images/animated-overlay.gif"/> 
<file href="assets/css/start/images/ui-bg_flat_55_999999_40x100.png"/> 
<file href="assets/css/start/images/ui-bg_flat_75_aaaaaa_40x100.png"/> 
<file href="assets/css/start/images/ui-bg_glass_45_0078ae_1x400.png"/> 
<file href="assets/css/start/images/ui-bg_glass_55_f8da4e_1x400.png"/> 
<file href="assets/css/start/images/ui-bg_glass_75_79c9ec_1x400.png"/> 
<file href="assets/css/start/images/ui-bg_gloss-wave_45_e14f1c_500x100.png"/> 
<file href="assets/css/start/images/ui-bg_gloss-wave_50_6eac2c_500x100.png"/> 
<file href="assets/css/start/images/ui-bg_gloss-wave_75_2191c0_500x100.png"/> 
<file href="assets/css/start/images/ui-bg_inset-hard_100_fcfdfd_1x100.png"/> 
<file href="assets/css/start/images/ui-icons_0078ae_256x240.png"/> 
<file href="assets/css/start/images/ui-icons_056b93_256x240.png"/> 
<file href="assets/css/start/images/ui-icons_d8e7f3_256x240.png"/> 
<file href="assets/css/start/images/ui-icons_e0fdff_256x240.png"/> 
<file href="assets/css/start/images/ui-icons_f5e175_256x240.png"/> 
<file href="assets/css/start/images/ui-icons_f7a50d_256x240.png"/> 
<file href="assets/css/start/images/ui-icons_fcd113_256x240.png"/> 
<file href="assets/css/start/jquery-ui-1.11.4.custom.css"/> 
<file href="assets/css/start/jquery-ui-1.11.4.custom.min.css"/> 
<file href="assets/htmlimages/Pause.gif"/> 
<file href="assets/htmlimages/Pause2x.gif"/> 
<file href="assets/htmlimages/Play.gif"/> 
<file href="assets/htmlimages/Play2x.gif"/> 
<file href="assets/htmlimages/Play_icon.png"/> 
<file href="assets/htmlimages/arrow_right.gif"/> 
<file href="assets/htmlimages/ccClose.png"/> 
<file href="assets/htmlimages/checkBox_disabled.png"/> 
<file href="assets/htmlimages/checkBox_normal.png"/> 
<file href="assets/htmlimages/checkBox_selected.png"/> 
<file href="assets/htmlimages/checkBox_selectedDisabled.png"/> 
<file href="assets/htmlimages/closeReviewButton.png"/> 
<file href="assets/htmlimages/correct_answer_normal.png"/> 
<file href="assets/htmlimages/correct_answer_small.png"/> 
<file href="assets/htmlimages/correct_question_normal.png"/> 
<file href="assets/htmlimages/correct_question_small.png"/> 
<file href="assets/htmlimages/dd_arrow.png"/> 
<file href="assets/htmlimages/expand_icon.png"/> 
<file href="assets/htmlimages/expand_icon@2x.png"/> 
<file href="assets/htmlimages/gesturemobileicon.png"/> 
<file href="assets/htmlimages/gesturemobileicon@2x.png"/> 
<file href="assets/htmlimages/gesturemobileimage2.png"/> 
<file href="assets/htmlimages/gesturemobilelandscape.png"/> 
<file href="assets/htmlimages/gesturetabletimage.png"/> 
<file href="assets/htmlimages/hotspot.gif"/> 
<file href="assets/htmlimages/hotspot_correct_answer_normal.png"/> 
<file href="assets/htmlimages/hotspot_incorrect_answer_normal.png"/> 
<file href="assets/htmlimages/img_trans.gif"/> 
<file href="assets/htmlimages/incorrect_answer_normal.png"/> 
<file href="assets/htmlimages/incorrect_answer_small.png"/> 
<file href="assets/htmlimages/incorrect_question_normal.png"/> 
<file href="assets/htmlimages/incorrect_question_small.png"/> 
<file href="assets/htmlimages/loader.gif"/> 
<file href="assets/htmlimages/loader_transparent.gif"/> 
<file href="assets/htmlimages/movieexpire.png"/> 
<file href="assets/htmlimages/partial_correct_question_normal.png"/> 
<file href="assets/htmlimages/partial_correct_question_small.png"/> 
<file href="assets/htmlimages/placeholder.png"/> 
<file href="assets/htmlimages/radioButton_disabled.png"/> 
<file href="assets/htmlimages/radioButton_normal.png"/> 
<file href="assets/htmlimages/radioButton_selected.png"/> 
<file href="assets/htmlimages/radioButton_selectedDisabled.png"/> 
<file href="assets/htmlimages/sequenceReview.png"/> 
<file href="assets/htmlimages/skip_answer_normal.png"/> 
<file href="assets/htmlimages/skip_answer_small.png"/> 
<file href="assets/htmlimages/skip_question_normal.png"/> 
<file href="assets/htmlimages/skip_question_small.png"/> 
<file href="assets/htmlimages/toc.png"/> 
<file href="assets/htmlimages/vidbg.png"/> 
<file href="assets/htmlimages/vidfullscreen.png"/> 
<file href="assets/htmlimages/vidpause.png"/> 
<file href="assets/htmlimages/vidplay.png"/> 
<file href="assets/htmlimages/vidrewind.png"/> 
<file href="assets/htmlimages/vidslider.png"/> 
<file href="assets/htmlimages/vidstop.png"/> 
<file href="assets/htmlimages/vidvolume.png"/> 
<file href="assets/htmlimages/vidvolume2.png"/> 
<file href="assets/htmlimages/vidvolumemute.png"/> 
<file href="assets/js/CPM.js"/> 
<file href="assets/js/CPXHRLoader.js"/> 
<file href="assets/js/jquery-1.11.3.min.js"/> 
<file href="assets/toc/tocIcons/blankBookmark.png"/> 
<file href="assets/toc/tocIcons/clear.png"/> 
<file href="assets/toc/tocIcons/expander.png"/> 
<file href="assets/toc/tocIcons/fullBookmark.png"/> 
<file href="assets/toc/tocIcons/go.png"/> 
<file href="assets/toc/tocIcons/infoClose.png"/> 
<file href="assets/toc/tocIcons/moreinfo.png"/> 
<file href="assets/toc/tocIcons/searchBtnNormal.png"/> 
<file href="assets/toc/tocIcons/searchBtnSelect.png"/> 
<file href="assets/toc/tocIcons/visited.png"/> 
<file href="dr/img1.json"/> 
<file href="dr/img2.json"/> 
<file href="dr/imgmd.json"/> 
<file href="dr/loading.gif"/> 
<file href="goodbye.html"/> 
<file href="index_scorm.html"/> 
<file href="project.txt"/> 
<file href="Utilities.js"/> 
            </resource>
	</resources>
</manifest>
